{
	
	"dimension":20, 
	"casillas":{
		"dobles":[
		{
		  "x":4,	
		  "y":1
		}, 
		{
		  "x":12,	
		  "y":1
		}, 
		{
		  "x":7,	
		  "y":3
		}, 
		{
		  "x":9,	
		  "y":3
		}, 
		{
		  "x":1,	
		  "y":4
		}, 
		{
		  "x":8,	
		  "y":4
		}, 
		{
		  "x":15,	
		  "y":4
		}, 
		{
		  "x":3,	
		  "y":7
		}, 
		{
		  "x":7,	
		  "y":7
		}, 
		{
		  "x":9,	
		  "y":7
		}, 
		{
		  "x":13,	
		  "y":7
		}, 
		{
		  "x":4,	
		  "y":8
		}, 
		{
		  "x":12,	
		  "y":8
		}, 
		{
		  "x":3,	
		  "y":9
		}, 
		{
		  "x":7,	
		  "y":9
		}, 
		{
		  "x":9,	
		  "y":9
		}, 
		{
		  "x":13,	
		  "y":9
		}, 
		{
		  "x":1,	
		  "y":12
		}, 
		{
		  "x":8,	
		  "y":12
		}, 
		{
		  "x":15,	
		  "y":12
		}, 
		{
		  "x":7,	
		  "y":13
		}, 
		{
		  "x":9,	
		  "y":13
		}, 
		{
		  "x":4,	
		  "y":15
		}, 
		{
		  "x":12, 	
		  "y":15
		}
	  ],
	  "triples":[
		{
		  "x":6,	
		  "y":2
		}, 
		{
		  "x":10,	
		  "y":2
		}, 
		{
		  "x":2,	
		  "y":6
		}, 
		{
		  "x":6,	
		  "y":6
		}, 
		{
		  "x":10,	
		  "y":6
		}, 
		{
		  "x":14,	
		  "y":6
		}, 
		{
		  "x":2,	
		  "y":10
		}, 
		{
		  "x":6,	
		  "y":10
		}, 
		{
		  "x":10,	
		  "y":10
		}, 
		{
		  "x":14,	
		  "y":10
		}, 
		{
		  "x":6,	
		  "y":14
		}, 
		{
		  "x":10,	
		  "y":14
		}
	  ]
  }, 

	 "diccionario":[
		{
			"palabra": "hola"
		},
		{
			"palabra": "you"
		},
		{
			"palabra": "tu"
		},
		{
			"palabra": "dios"
		},
		{
			"palabra": "foca"
		},
		{
			"palabra": "devil"
		},
		{
			"palabra": "cola"
		},
		{
			"palabra": "ala"
		},
		{
			"palabra": "zeta"
		},
		{
			"palabra": "feel"
		},
		{
			"palabra": "ahora"
		},
		{
			"palabra": "rojo"
		},
		{
			"palabra": "rola"
		},
		{
			"palabra": "ver"
		},
		{
			"palabra": "eco"
		},
		{
			"palabra": "see"
		},
		{
			"palabra": "filo"
		},
		{
			"palabra": "and"
		},
		{
			"palabra": "xnor"
		},
		{
			"palabra": "abduzcan"
		},
		{
			"palabra": "leche"
		},
		{
			"palabra": "leer"
		},
		{
			"palabra": "raja"
		},
		{
			"palabra": "rico"
		},
		{
			"palabra": "forte"
		},
		{
			"palabra": "ayer"
		},
		{
			"palabra": "lost"
		},
		{
			"palabra": "boss"
		},
		{
			"palabra": "walk"
		},
		{
			"palabra": "row"
		},
		{
			"palabra": "box"
		},
		{
			"palabra": "table"
		},
		{
			"palabra": "malone"
		},
		{
			"palabra": "fire"
		},
		{
			"palabra": "six"
		},
		{
			"palabra": "let"
		},
		{
			"palabra": "hell"
		},
		{
			"palabra": "water"
		},
		{
			"palabra": "grammy"
		},
		{
			"palabra": "are"
		},
		{
			"palabra": "am"
		},
		{
			"palabra": "love"
		},
		{
			"palabra": "medic"
		},
		{
			"palabra": "feather"
		},
		{
			"palabra": "trust"
		},
		{
			"palabra": "wife"
		},
		{
			"palabra": "song"
		},
		{
			"palabra": "blame"
		},
		{
			"palabra": "city"
		},
		{
			"palabra": "angels"
		},
		{
			"palabra": "house"
		},
		{
			"palabra": "sun"
		},
		{
			"palabra": "again"
		},
		{
			"palabra": "beauty"
		},
		{
			"palabra": "where"
		},
		{
			"palabra": "donde"
		},
		{
			"palabra": "cuando"
		},
		{
			"palabra": "romeo"
		},
		{
			"palabra": "sol"
		},
		{
			"palabra": "wrong"
		},
		{
			"palabra": "señorita"
		},
		{
			"palabra": "clear"
		},
		{
			"palabra": "mama"
		},
		{
			"palabra": "gonna"
		},
		{
			"palabra": "want"
		},
		{
			"palabra": "alone"
		},
		{
			"palabra": "color"
		},
		{
			"palabra": "eyes"
		},
		{
			"palabra": "ojos"
		},
		{
			"palabra": "shade"
		},
		{
			"palabra": "shadow"
		},
		{
			"palabra": "moses"
		},
		{
			"palabra": "time"
		},
		{
			"palabra": "momento"
		},
		{
			"palabra": "tiempo"
		},
		{
			"palabra": "end"
		},
		{
			"palabra": "ser"
		},
		{
			"palabra": "humano"
		},
		{
			"palabra": "sound"
		},
		{
			"palabra": "close"
		},
		{
			"palabra": "cerca"
		},
		{
			"palabra": "far"
		},
		{
			"palabra": "lejos"
		},
		{
			"palabra": "left"
		},
		{
			"palabra": "right"
		},
		{
			"palabra": "crecer"
		},
		{
			"palabra": "vida"
		},
		{
			"palabra": "life"
		},
		{
			"palabra": "ir"
		},
		{
			"palabra": "buscar"
		},
		{
			"palabra": "amor"
		},
		{
			"palabra": "dumb"
		},
		{
			"palabra": "money"
		},
		{
			"palabra": "dinero"
		},
		{
			"palabra": "go"
		},
		{
			"palabra": "burn"
		},
		{
			"palabra": "broke"
		},
		{
			"palabra": "quemar"
		},
		{
			"palabra": "queso"
		},
		{
			"palabra": "people"
		},
		{
			"palabra": "persona"
		},
		{
			"palabra": "down"
		},
		{
			"palabra": "new"
		},
		{
			"palabra": "logic"
		},
		{
			"palabra": "binary"
		},
		{
			"palabra": "tree"
		},
		{
			"palabra": "young"
		},
		{
			"palabra": "vibe"
		},
		{
			"palabra": "fight"
		},
		{
			"palabra": "yo"
		},
		{
			"palabra": "well"
		},
		{
			"palabra": "defeat"
		},
		{
			"palabra": "now"
		},
		{
			"palabra": "vicious"
		},
		{
			"palabra": "damn"
		},
		{
			"palabra": "fe"
		},
		{
			"palabra": "mar"
		},
		{
			"palabra": "el"
		},
		{
			"palabra": "ese"
		},
		{
			"palabra": "pez"
		},
		{
			"palabra": "eso"
		},
		{
			"palabra": "voy"
		},
		{
			"palabra": "va"
		},
		{
			"palabra": "mira"
		},
		{
			"palabra": "ela"
		},
		{
			"palabra": "res"
		}
	]
 
}